dtime,time,open,high,low,close,vwap,volume,count
2025-04-12 16:35:00,1744475700,84793.8,84806.2,84793.8,84806.2,84801.1,0.0234187,11
2025-04-12 16:34:00,1744475640,84802.0,84804.7,84793.7,84793.7,84798.1,0.10560411,23
2025-04-12 16:33:00,1744475580,84898.0,84898.0,84794.6,84798.1,84838.4,0.79990649,59
2025-04-12 16:32:00,1744475520,84924.0,84924.0,84899.6,84899.6,84918.3,0.01656967,13
2025-04-12 16:31:00,1744475460,84962.4,84962.4,84904.8,84923.9,84916.9,0.47237521,36
2025-04-12 16:30:00,1744475400,84986.9,84986.9,84959.2,84962.4,84980.3,0.30126459,22
2025-04-12 16:29:00,1744475340,84986.8,84986.9,84986.8,84986.9,84986.8,0.0311836,18
2025-04-12 16:28:00,1744475280,84972.2,84984.2,84972.2,84984.2,84981.5,0.02122144,10
2025-04-12 16:27:00,1744475220,85001.0,85001.1,84969.1,84972.2,85000.3,0.47526939,18
2025-04-12 16:26:00,1744475160,85028.4,85028.4,85001.0,85001.0,85003.1,0.163396,19
2025-04-12 16:25:00,1744475100,85061.1,85061.1,85024.6,85028.4,85025.2,5.0434872,29
2025-04-12 16:24:00,1744475040,85061.2,85061.2,85061.1,85061.2,85061.1,0.06483432,12
2025-04-12 16:23:00,1744474980,85037.2,85061.2,85037.2,85061.2,85057.8,0.01036335,17
2025-04-12 16:22:00,1744474920,85000.0,85037.5,85000.0,85037.2,85006.4,0.05690186,21
2025-04-12 16:21:00,1744474860,84979.5,85000.0,84979.5,85000.0,84992.2,0.05666029,21
2025-04-12 16:20:00,1744474800,84969.1,84977.9,84969.1,84977.9,84972.1,0.03962611,17
2025-04-12 16:19:00,1744474740,84940.0,84978.0,84940.0,84969.0,84968.6,0.03772664,22
2025-04-12 16:18:00,1744474680,84899.7,84940.0,84899.7,84940.0,84911.0,0.14533987,24
2025-04-12 16:17:00,1744474620,84850.0,84899.7,84850.0,84899.6,84850.6,2.06931814,43
2025-04-12 16:16:00,1744474560,84857.2,84857.2,84850.0,84850.1,84851.1,0.07380238,42
2025-04-12 16:15:00,1744474500,84887.4,84887.4,84857.1,84857.2,84866.1,0.00684082,10
2025-04-12 16:14:00,1744474440,84850.0,84887.4,84849.9,84887.4,84851.9,0.53995657,27
2025-04-12 16:13:00,1744474380,84850.0,84850.0,84844.8,84849.9,84846.2,0.09856368,17
2025-04-12 16:12:00,1744474320,84850.0,84850.0,84844.9,84850.0,84847.3,0.01691408,9
2025-04-12 16:11:00,1744474260,84862.6,84862.6,84849.9,84849.9,84852.8,1.12306996,21
2025-04-12 16:10:00,1744474200,84887.4,84887.4,84862.6,84862.6,84884.4,0.11985372,19
2025-04-12 16:09:00,1744474140,84865.4,84887.4,84865.4,84887.4,84887.1,0.7632732,14
2025-04-12 16:08:00,1744474080,84906.1,84906.1,84862.3,84862.3,84894.1,0.17358518,35
2025-04-12 16:07:00,1744474020,84906.1,84906.1,84906.0,84906.0,84906.0,0.44513437,12
2025-04-12 16:06:00,1744473960,85023.0,85023.0,84906.0,84906.1,84992.9,1.9280719,57
2025-04-12 16:05:00,1744473900,85125.9,85126.0,85023.1,85023.1,85055.3,0.24093438,39
2025-04-12 16:04:00,1744473840,85126.0,85126.0,85125.9,85125.9,85125.9,0.0389599,10
2025-04-12 16:03:00,1744473780,85102.0,85126.0,85102.0,85126.0,85121.6,0.08465463,31
2025-04-12 16:02:00,1744473720,85045.2,85102.0,85042.8,85102.0,85052.5,0.07455409,51
2025-04-12 16:01:00,1744473660,85045.3,85045.3,85040.9,85045.2,85045.2,0.05313421,17
2025-04-12 16:00:00,1744473600,85000.1,85045.3,85000.0,85045.3,85016.0,0.07117916,34
2025-04-12 15:59:00,1744473540,85020.5,85023.5,85000.0,85000.1,85003.9,0.66532156,31
2025-04-12 15:58:00,1744473480,85070.4,85070.4,85014.0,85021.9,85061.5,2.05106149,40
2025-04-12 15:57:00,1744473420,85070.4,85070.4,85070.3,85070.4,85070.3,0.33193231,21
2025-04-12 15:56:00,1744473360,85070.3,85070.4,85070.3,85070.3,85070.3,1.81603106,7
2025-04-12 15:55:00,1744473300,85070.4,85071.3,85070.3,85070.4,85070.5,10.43476796,42
2025-04-12 15:54:00,1744473240,85086.0,85086.0,85070.3,85073.6,85070.9,36.72847457,62
2025-04-12 15:53:00,1744473180,85104.1,85104.1,85070.3,85081.0,85078.0,17.79028417,35
2025-04-12 15:52:00,1744473120,85122.1,85122.1,85104.2,85107.4,85104.9,1.17929738,15
2025-04-12 15:51:00,1744473060,85125.9,85126.0,85122.1,85122.1,85125.7,0.02081927,10
2025-04-12 15:50:00,1744473000,85130.3,85185.6,85105.7,85126.0,85153.8,1.40684402,46
2025-04-12 15:49:00,1744472940,85147.6,85147.7,85111.2,85125.1,85133.0,1.35557534,36
2025-04-12 15:48:00,1744472880,85147.6,85149.5,85147.6,85147.7,85147.6,0.24072331,19
2025-04-12 15:47:00,1744472820,85248.0,85248.0,85148.9,85148.9,85196.0,0.78764345,40
2025-04-12 15:46:00,1744472760,85340.5,85340.5,85250.0,85250.0,85278.9,1.21603708,39
2025-04-12 15:45:00,1744472700,85282.9,85346.5,85282.9,85340.5,85341.3,14.64252829,37
2025-04-12 15:44:00,1744472640,85371.9,85372.3,85283.0,85283.0,85357.7,1.8719591,37
2025-04-12 15:43:00,1744472580,85274.9,85372.0,85274.9,85372.0,85342.2,4.63141874,112
2025-04-12 15:42:00,1744472520,85300.0,85300.0,85263.1,85266.2,85298.3,1.0528085,29
2025-04-12 15:41:00,1744472460,85185.4,85300.0,85185.2,85299.9,85276.0,11.93962377,97
2025-04-12 15:40:00,1744472400,85141.2,85194.1,85141.2,85188.9,85155.9,3.83793317,24
2025-04-12 15:39:00,1744472340,85250.0,85250.0,85132.3,85140.2,85185.3,0.32186918,44
2025-04-12 15:38:00,1744472280,85249.9,85250.0,85249.9,85250.0,85249.9,1.0910195,24
2025-04-12 15:37:00,1744472220,85200.0,85250.0,85200.0,85250.0,85220.1,55.26805712,99
2025-04-12 15:36:00,1744472160,85168.9,85200.0,85168.8,85200.0,85199.6,48.57498576,164
2025-04-12 15:35:00,1744472100,85168.9,85168.9,85168.8,85168.9,85168.8,0.7311414,12
2025-04-12 15:34:00,1744472040,85168.9,85168.9,85168.8,85168.8,85168.8,0.34308646,9
2025-04-12 15:33:00,1744471980,85104.0,85168.9,85104.0,85168.8,85151.7,0.44580084,33
2025-04-12 15:32:00,1744471920,85087.0,85122.0,85086.9,85098.5,85104.0,0.29288097,27
2025-04-12 15:31:00,1744471860,85087.0,85087.0,85086.9,85086.9,85086.9,0.14789403,17
2025-04-12 15:30:00,1744471800,85130.0,85130.4,85086.0,85086.9,85129.0,5.1878905,47
2025-04-12 15:29:00,1744471740,85111.6,85130.0,85111.6,85130.0,85128.0,0.06951464,25
2025-04-12 15:28:00,1744471680,85000.0,85111.7,85000.0,85102.7,85091.7,0.22363756,40
2025-04-12 15:27:00,1744471620,85006.1,85006.1,84999.9,84999.9,85000.1,0.12673202,20
2025-04-12 15:26:00,1744471560,85000.0,85009.0,85000.0,85006.0,85006.9,0.57926411,21
2025-04-12 15:25:00,1744471500,84990.1,84999.9,84990.1,84999.9,84999.5,0.02781001,8
2025-04-12 15:24:00,1744471440,85000.0,85000.0,84975.9,84990.0,84980.4,0.80813572,20
2025-04-12 15:23:00,1744471380,84976.2,85000.0,84976.2,85000.0,84999.8,0.97206043,24
2025-04-12 15:22:00,1744471320,85001.7,85033.4,84969.7,84969.9,84978.9,0.42771492,33
2025-04-12 15:21:00,1744471260,85046.0,85050.0,84973.1,84998.7,85005.9,1.34973799,54
2025-04-12 15:20:00,1744471200,84937.6,85045.9,84937.5,85045.9,84992.5,2.85957107,60
2025-04-12 15:19:00,1744471140,84850.0,84937.6,84849.9,84937.6,84851.0,4.49786819,57
2025-04-12 15:18:00,1744471080,84850.0,84850.0,84849.9,84850.0,84849.9,0.51941206,14
2025-04-12 15:17:00,1744471020,84850.0,84850.0,84849.9,84850.0,84849.9,0.40165693,15
2025-04-12 15:16:00,1744470960,84734.8,84850.0,84734.8,84850.0,84797.3,0.42840519,40
2025-04-12 15:15:00,1744470900,84660.7,84734.8,84660.7,84734.8,84708.6,0.66672867,36
2025-04-12 15:14:00,1744470840,84649.4,84661.8,84649.3,84660.6,84653.8,0.12229878,18
2025-04-12 15:13:00,1744470780,84691.6,84699.0,84650.0,84650.0,84691.8,12.42526199,36
2025-04-12 15:12:00,1744470720,84756.7,84756.7,84679.7,84679.7,84740.0,0.44958276,39
2025-04-12 15:11:00,1744470660,84726.0,84758.9,84726.0,84756.8,84740.0,0.07973122,18
2025-04-12 15:10:00,1744470600,84650.1,84726.8,84650.0,84718.7,84673.4,3.58852023,43
2025-04-12 15:09:00,1744470540,84650.1,84650.1,84650.0,84650.1,84650.0,0.37629294,12
2025-04-12 15:08:00,1744470480,84679.4,84679.4,84650.0,84650.0,84662.5,0.1165354,25
2025-04-12 15:07:00,1744470420,84709.1,84709.1,84677.1,84679.3,84679.7,1.65439662,33
2025-04-12 15:06:00,1744470360,84789.0,84789.0,84709.0,84709.1,84745.8,0.04198762,35
2025-04-12 15:05:00,1744470300,84870.0,84870.0,84796.2,84796.2,84814.8,3.31054042,45
2025-04-12 15:04:00,1744470240,84832.6,84869.9,84832.6,84869.9,84862.6,0.21199478,13
2025-04-12 15:03:00,1744470180,84914.9,84919.8,84828.7,84828.7,84913.2,4.71388949,53
2025-04-12 15:02:00,1744470120,84858.0,84909.8,84857.9,84909.8,84908.2,1.04179067,28
2025-04-12 15:01:00,1744470060,84855.0,84856.2,84854.9,84856.2,84856.0,2.08098152,15
2025-04-12 15:00:00,1744470000,84870.0,84878.4,84842.1,84853.1,84849.7,1.13616056,53
2025-04-12 14:59:00,1744469940,84897.1,84897.1,84879.0,84879.0,84891.2,0.02284888,15
2025-04-12 14:58:00,1744469880,84915.0,84918.0,84897.0,84897.0,84906.1,12.06766318,38
2025-04-12 14:57:00,1744469820,84924.1,84951.0,84906.0,84906.0,84942.0,0.90845238,22
2025-04-12 14:56:00,1744469760,84985.1,84985.1,84894.3,84924.1,84971.1,10.75025173,46
2025-04-12 14:55:00,1744469700,84971.9,84985.0,84969.3,84984.9,84981.1,7.12902077,28
2025-04-12 14:54:00,1744469640,84948.9,84969.6,84948.8,84969.6,84951.6,1.08900591,28
2025-04-12 14:53:00,1744469580,84850.0,84948.9,84850.0,84948.8,84922.3,24.20331255,99
2025-04-12 14:52:00,1744469520,84750.0,84850.0,84749.9,84849.9,84750.4,1.58676746,43
2025-04-12 14:51:00,1744469460,84743.4,84750.0,84709.0,84750.0,84749.3,2.03882231,33
2025-04-12 14:50:00,1744469400,84726.0,84743.4,84709.1,84742.1,84743.1,20.04264014,55
2025-04-12 14:49:00,1744469340,84743.6,84743.6,84726.1,84726.1,84743.4,0.10937583,23
2025-04-12 14:48:00,1744469280,84758.3,84758.3,84743.5,84743.6,84750.8,0.29471039,26
2025-04-12 14:47:00,1744469220,84771.8,84771.8,84751.1,84758.4,84766.6,0.14190468,30
2025-04-12 14:46:00,1744469160,84798.0,84798.0,84771.8,84771.8,84773.0,0.03091314,13
2025-04-12 14:45:00,1744469100,84859.5,84859.5,84798.1,84798.1,84857.9,0.17734349,40
2025-04-12 14:44:00,1744469040,84859.5,84859.5,84859.5,84859.5,84859.5,0.16698039,10
2025-04-12 14:43:00,1744468980,84865.4,84868.3,84859.4,84859.4,84865.1,0.26780477,12
2025-04-12 14:42:00,1744468920,84811.1,84865.4,84798.1,84865.3,84827.5,6.13161274,37
2025-04-12 14:41:00,1744468860,84915.0,84915.1,84811.1,84811.1,84891.9,1.14405024,59
2025-04-12 14:40:00,1744468800,84987.1,84987.1,84924.0,84924.0,84949.9,0.74908412,35
2025-04-12 14:39:00,1744468740,84951.0,84985.1,84950.1,84985.0,84966.5,0.65238767,28
2025-04-12 14:38:00,1744468680,84951.0,84990.0,84916.2,84949.2,84956.1,26.95709397,93
2025-04-12 14:37:00,1744468620,84899.9,84968.1,84899.9,84951.1,84965.7,4.70625933,39
2025-04-12 14:36:00,1744468560,85029.5,85029.5,84899.8,84899.8,84918.2,0.36972839,52
2025-04-12 14:35:00,1744468500,85050.1,85050.1,84946.4,85014.1,84991.9,1.52503996,80
2025-04-12 14:34:00,1744468440,85059.1,85059.1,85050.0,85050.2,85051.3,0.46416292,25
2025-04-12 14:33:00,1744468380,85189.3,85190.0,85059.0,85059.0,85101.1,2.91096831,75
2025-04-12 14:32:00,1744468320,84963.5,85189.3,84963.4,85189.3,85014.7,23.9252216,363
2025-04-12 14:31:00,1744468260,84960.1,84963.5,84960.1,84963.4,84962.9,1.08061888,21
2025-04-12 14:30:00,1744468200,84878.9,84960.2,84878.8,84960.2,84953.6,3.14863364,57
2025-04-12 14:29:00,1744468140,84818.7,84902.9,84818.7,84870.0,84897.6,1.09665431,33
2025-04-12 14:28:00,1744468080,84772.9,84816.0,84772.8,84816.0,84775.4,0.32489898,25
2025-04-12 14:27:00,1744468020,84861.0,84861.0,84758.7,84772.9,84813.6,1.3811821,50
2025-04-12 14:26:00,1744467960,84975.0,84980.9,84870.0,84870.0,84920.2,6.67535095,82
2025-04-12 14:25:00,1744467900,84873.4,84976.6,84871.6,84971.8,84912.4,4.73583991,125
2025-04-12 14:24:00,1744467840,84770.5,84871.7,84770.5,84871.7,84836.5,2.19434953,119
2025-04-12 14:23:00,1744467780,84678.6,84770.5,84675.2,84770.5,84679.7,29.23325018,133
2025-04-12 14:22:00,1744467720,84496.1,84678.6,84491.8,84678.6,84536.2,3.10222748,63
2025-04-12 14:21:00,1744467660,84378.1,84512.2,84378.1,84495.1,84405.8,0.96293147,48
2025-04-12 14:20:00,1744467600,84366.1,84378.1,84363.9,84378.1,84364.7,0.02678087,11
2025-04-12 14:19:00,1744467540,84390.1,84390.1,84366.1,84366.1,84374.6,1.18594657,20
2025-04-12 14:18:00,1744467480,84397.1,84397.1,84390.0,84390.1,84390.9,0.03403448,16
2025-04-12 14:17:00,1744467420,84399.4,84399.4,84397.1,84397.1,84399.2,0.14237008,6
2025-04-12 14:16:00,1744467360,84411.1,84411.1,84390.0,84397.0,84395.0,0.25720991,21
2025-04-12 14:15:00,1744467300,84492.1,84492.1,84411.1,84411.1,84422.9,2.56167262,62
2025-04-12 14:14:00,1744467240,84480.8,84516.6,84480.7,84501.0,84508.4,0.056476,16
2025-04-12 14:13:00,1744467180,84552.9,84552.9,84476.5,84480.7,84513.2,1.76346015,47
2025-04-12 14:12:00,1744467120,84553.0,84553.0,84552.9,84553.0,84552.9,0.02548218,13
2025-04-12 14:11:00,1744467060,84600.0,84600.0,84546.7,84553.0,84553.4,0.40980273,25
2025-04-12 14:10:00,1744467000,84678.6,84678.6,84600.0,84600.1,84650.0,1.06288304,34
2025-04-12 14:09:00,1744466940,84666.6,84678.6,84666.6,84678.6,84677.9,0.64459995,32
2025-04-12 14:08:00,1744466880,84544.6,84666.6,84544.6,84666.5,84634.2,1.331835,106
2025-04-12 14:07:00,1744466820,84480.1,84544.6,84480.1,84544.6,84498.1,0.0605432,30
2025-04-12 14:06:00,1744466760,84483.0,84483.0,84480.0,84480.1,84480.2,0.11955554,10
2025-04-12 14:05:00,1744466700,84369.6,84474.0,84369.6,84474.0,84421.1,0.67028014,38
2025-04-12 14:04:00,1744466640,84411.1,84411.1,84369.6,84369.7,84372.5,0.71669355,33
2025-04-12 14:03:00,1744466580,84436.9,84436.9,84411.1,84411.1,84432.7,0.59291613,18
2025-04-12 14:02:00,1744466520,84357.0,84432.6,84357.0,84432.6,84370.9,1.21503306,33
2025-04-12 14:01:00,1744466460,84375.1,84375.1,84326.9,84353.9,84339.2,0.14794484,32
2025-04-12 14:00:00,1744466400,84450.7,84473.8,84375.1,84375.1,84427.5,0.96861978,67
2025-04-12 13:59:00,1744466340,84447.7,84450.7,84447.6,84450.6,84447.8,0.07227695,13
2025-04-12 13:58:00,1744466280,84501.1,84501.1,84443.7,84447.7,84478.6,3.29300214,38
2025-04-12 13:57:00,1744466220,84610.7,84611.6,84506.0,84506.0,84591.9,1.16548,49
2025-04-12 13:56:00,1744466160,84480.0,84625.0,84480.0,84610.6,84529.6,21.43248253,234
2025-04-12 13:55:00,1744466100,84416.0,84480.0,84416.0,84480.0,84454.7,2.58450969,86
2025-04-12 13:54:00,1744466040,84395.7,84416.0,84395.7,84416.0,84406.2,0.13166297,82
2025-04-12 13:53:00,1744465980,84301.1,84395.7,84301.1,84395.7,84335.9,3.16440327,42
2025-04-12 13:52:00,1744465920,84177.1,84304.2,84177.1,84301.0,84213.2,0.33556711,49
2025-04-12 13:51:00,1744465860,84190.1,84190.1,84177.0,84177.1,84184.3,0.19084312,17
2025-04-12 13:50:00,1744465800,84240.1,84240.1,84167.1,84190.1,84194.4,0.97082513,46
2025-04-12 13:49:00,1744465740,84366.1,84366.1,84249.0,84249.0,84307.5,0.69859642,35
2025-04-12 13:48:00,1744465680,84339.1,84395.7,84339.1,84374.9,84378.8,0.20558631,31
2025-04-12 13:47:00,1744465620,84365.9,84375.0,84318.7,84343.1,84327.4,12.82888969,51
2025-04-12 13:46:00,1744465560,84258.1,84362.0,84258.1,84362.0,84325.7,0.20131843,60
2025-04-12 13:45:00,1744465500,84135.1,84267.0,84135.1,84258.0,84243.5,0.70570275,49
2025-04-12 13:44:00,1744465440,84233.1,84233.2,84132.0,84135.1,84137.0,0.75978186,43
2025-04-12 13:43:00,1744465380,84050.1,84429.8,84050.1,84280.0,84357.2,42.35631669,398
2025-04-12 13:42:00,1744465320,83817.0,84054.8,83815.8,84050.1,83965.6,7.2295106,107
2025-04-12 13:41:00,1744465260,83817.0,83817.0,83816.9,83817.0,83816.9,0.03512484,9
2025-04-12 13:40:00,1744465200,83800.0,83812.7,83799.9,83812.7,83800.0,0.19925575,22
2025-04-12 13:39:00,1744465140,83800.0,83800.0,83799.9,83799.9,83799.9,0.01603895,9
2025-04-12 13:38:00,1744465080,83709.0,83763.0,83700.1,83763.0,83708.2,0.02120977,15
2025-04-12 13:37:00,1744465020,83709.1,83709.1,83709.0,83709.1,83709.0,0.0068848,6
2025-04-12 13:36:00,1744464960,83718.1,83718.1,83709.1,83709.1,83718.0,0.08348,8
2025-04-12 13:35:00,1744464900,83733.1,83733.1,83724.6,83724.6,83724.6,1.17404409,14
2025-04-12 13:34:00,1744464840,83772.0,83772.0,83731.9,83733.1,83733.5,1.37914011,20
2025-04-12 13:33:00,1744464780,83798.9,83834.6,83781.0,83781.0,83834.1,0.52588882,24
2025-04-12 13:32:00,1744464720,83763.1,83797.1,83753.9,83797.1,83796.9,2.45937085,15
2025-04-12 13:31:00,1744464660,83763.1,83763.1,83763.0,83763.1,83763.0,0.00489667,4
2025-04-12 13:30:00,1744464600,83830.9,83830.9,83763.1,83763.1,83805.0,0.02181568,20
2025-04-12 13:29:00,1744464540,83754.0,83830.9,83754.0,83830.9,83794.2,0.06944583,19
2025-04-12 13:28:00,1744464480,83718.0,83750.2,83717.9,83750.2,83745.6,0.62189681,20
2025-04-12 13:27:00,1744464420,83677.7,83761.5,83677.7,83718.0,83717.5,3.06209146,25
2025-04-12 13:26:00,1744464360,83651.8,83677.7,83651.8,83677.7,83655.4,0.01983392,9
2025-04-12 13:25:00,1744464300,83646.0,83651.8,83646.0,83651.8,83649.1,0.00180898,7
2025-04-12 13:24:00,1744464240,83592.1,83646.0,83592.1,83646.0,83603.1,0.01324986,13
2025-04-12 13:23:00,1744464180,83608.6,83618.9,83592.0,83592.0,83599.9,0.21959732,16
2025-04-12 13:22:00,1744464120,83767.0,83767.0,83608.6,83608.6,83690.8,4.11233727,60
2025-04-12 13:21:00,1744464060,83804.9,83804.9,83766.6,83767.1,83800.4,3.78085184,45
2025-04-12 13:20:00,1744464000,83846.2,83846.2,83808.0,83808.0,83845.6,0.06606482,18
2025-04-12 13:19:00,1744463940,83923.7,83923.7,83846.1,83846.1,83881.7,0.1081671,33
2025-04-12 13:18:00,1744463880,83970.1,83970.1,83923.8,83923.8,83938.3,0.07839193,25
2025-04-12 13:17:00,1744463820,83984.0,84020.8,83979.0,83979.0,84005.9,3.42827778,63
2025-04-12 13:16:00,1744463760,83970.0,83984.0,83970.0,83983.9,83983.8,0.03518242,11
2025-04-12 13:15:00,1744463700,83961.1,83961.1,83961.0,83961.1,83961.0,0.02097022,7
2025-04-12 13:14:00,1744463640,83961.0,83961.1,83961.0,83961.1,83961.0,2.99909112,20
2025-04-12 13:13:00,1744463580,83988.1,83988.1,83961.0,83961.1,83962.0,0.53510986,23
2025-04-12 13:12:00,1744463520,83998.9,83998.9,83988.1,83988.1,83991.8,0.30463457,9
2025-04-12 13:11:00,1744463460,83998.9,83998.9,83998.8,83998.8,83998.8,0.38139226,20
2025-04-12 13:10:00,1744463400,83969.9,83998.9,83969.9,83998.9,83995.1,0.30944026,25
2025-04-12 13:09:00,1744463340,83921.1,83992.4,83921.1,83969.9,83957.3,70.25436033,100
2025-04-12 13:08:00,1744463280,83921.0,83921.1,83921.0,83921.0,83921.0,0.00535885,8
2025-04-12 13:07:00,1744463220,83921.0,83921.0,83921.0,83921.0,83921.0,0.00621061,5
2025-04-12 13:06:00,1744463160,83870.8,83921.0,83870.8,83921.0,83899.6,0.15616923,38
2025-04-12 13:05:00,1744463100,83808.0,83870.8,83808.0,83870.7,83850.7,0.21698118,40
2025-04-12 13:04:00,1744463040,83799.2,83799.2,83799.2,83799.2,83799.2,0.00411449,2
2025-04-12 13:03:00,1744462980,83808.0,83808.0,83799.1,83799.1,83807.8,0.53222162,20
2025-04-12 13:02:00,1744462920,83800.0,83808.0,83799.0,83808.0,83799.2,1.02286736,15
2025-04-12 13:01:00,1744462860,83811.1,83811.1,83799.9,83799.9,83800.2,0.06710374,10
2025-04-12 13:00:00,1744462800,83800.0,83812.2,83800.0,83811.1,83809.9,0.02257882,27
2025-04-12 12:59:00,1744462740,83799.9,83800.0,83799.9,83800.0,83799.9,1.16882282,23
2025-04-12 12:58:00,1744462680,83728.3,83784.8,83728.3,83784.8,83736.4,0.0160707,10
2025-04-12 12:57:00,1744462620,83718.1,83728.3,83718.1,83728.3,83723.3,0.00428119,8
2025-04-12 12:56:00,1744462560,83733.8,83733.8,83733.7,83733.7,83733.7,0.0085624,3
2025-04-12 12:55:00,1744462500,83704.0,83733.8,83704.0,83733.8,83717.8,0.03970262,18
2025-04-12 12:54:00,1744462440,83704.0,83704.0,83704.0,83704.0,83704.0,0.08331261,8
2025-04-12 12:53:00,1744462380,83682.1,83697.4,83682.1,83697.4,83695.2,0.00602053,6
2025-04-12 12:52:00,1744462320,83655.1,83678.0,83655.1,83678.0,83677.5,0.12280266,8
2025-04-12 12:51:00,1744462260,83693.0,83693.0,83655.1,83655.1,83663.1,0.07141665,21
2025-04-12 12:50:00,1744462200,83726.9,83727.0,83699.0,83699.0,83721.6,0.6252375,19
2025-04-12 12:49:00,1744462140,83707.6,83725.3,83707.6,83717.7,83718.0,0.09302725,10
2025-04-12 12:48:00,1744462080,83772.4,83772.4,83704.3,83707.6,83706.4,0.61348795,30
2025-04-12 12:47:00,1744462020,83763.8,83763.8,83763.8,83763.8,83763.8,2.5011583,8
2025-04-12 12:46:00,1744461960,83799.3,83799.3,83763.7,83763.7,83797.1,0.57656572,24
2025-04-12 12:45:00,1744461900,83780.9,83821.3,83780.9,83799.3,83820.0,0.76629874,15
2025-04-12 12:44:00,1744461840,83767.1,83767.1,83767.1,83767.1,83767.1,0.0500594,9
2025-04-12 12:43:00,1744461780,83767.1,83767.1,83767.0,83767.1,83767.0,0.02116811,5
2025-04-12 12:42:00,1744461720,83808.0,83816.9,83772.0,83772.0,83799.4,0.24696679,12
2025-04-12 12:41:00,1744461660,83799.0,83799.0,83790.1,83790.1,83790.6,0.01259234,4
2025-04-12 12:40:00,1744461600,83840.6,83840.6,83808.0,83808.0,83837.2,0.07644412,15
2025-04-12 12:39:00,1744461540,83718.0,83840.6,83718.0,83840.6,83797.9,1.1429299,45
2025-04-12 12:38:00,1744461480,83749.0,83749.0,83727.0,83727.0,83737.3,0.00793081,12
2025-04-12 12:37:00,1744461420,83718.0,83749.0,83718.0,83749.0,83748.8,0.10534452,12
2025-04-12 12:36:00,1744461360,83717.9,83717.9,83717.8,83717.8,83717.8,0.01369647,6
2025-04-12 12:35:00,1744461300,83682.0,83717.9,83681.9,83717.9,83688.8,0.05841433,14
2025-04-12 12:34:00,1744461240,83680.4,83680.4,83680.4,83680.4,83680.4,0.02109674,6
2025-04-12 12:33:00,1744461180,83675.8,83680.4,83675.8,83680.4,83676.9,0.02479677,7
2025-04-12 12:32:00,1744461120,83709.1,83709.1,83674.9,83675.7,83677.9,0.12567991,24
2025-04-12 12:31:00,1744461060,83748.9,83748.9,83709.0,83709.0,83743.8,0.10103903,20
2025-04-12 12:30:00,1744461000,83748.9,83748.9,83748.8,83748.8,83748.8,0.11236483,10
2025-04-12 12:29:00,1744460940,83748.9,83748.9,83748.8,83748.9,83748.8,0.02985575,7
2025-04-12 12:28:00,1744460880,83717.9,83748.9,83717.9,83748.9,83748.7,1.03386782,27
2025-04-12 12:27:00,1744460820,83698.9,83717.9,83698.9,83717.9,83700.8,0.15830727,19
2025-04-12 12:26:00,1744460760,83675.1,83698.4,83675.1,83698.4,83679.5,0.03424597,17
2025-04-12 12:25:00,1744460700,83673.1,83675.1,83673.1,83675.1,83673.2,0.02206776,9
2025-04-12 12:24:00,1744460640,83673.1,83673.1,83673.0,83673.0,83673.0,0.00091273,3
2025-04-12 12:23:00,1744460580,83650.0,83664.0,83650.0,83664.0,83650.0,0.3775952,7
2025-04-12 12:22:00,1744460520,83650.0,83650.0,83649.9,83650.0,83649.9,0.12398304,13
2025-04-12 12:21:00,1744460460,83648.9,83650.0,83648.9,83650.0,83649.7,0.01608751,5
2025-04-12 12:20:00,1744460400,83648.9,83648.9,83648.8,83648.8,83648.8,0.00556429,3
2025-04-12 12:19:00,1744460340,83648.9,83648.9,83648.9,83648.9,83648.9,0.00871216,6
2025-04-12 12:18:00,1744460280,83637.1,83648.9,83637.1,83648.9,83644.5,0.0023696,8
2025-04-12 12:17:00,1744460220,83604.0,83637.1,83603.9,83637.1,83604.0,0.96039613,17
2025-04-12 12:16:00,1744460160,83599.0,83604.0,83599.0,83604.0,83601.9,0.0071844,10
2025-04-12 12:15:00,1744460100,83598.9,83599.0,83598.9,83599.0,83598.9,0.01858541,5
2025-04-12 12:14:00,1744460040,83589.7,83598.9,83589.7,83598.9,83597.5,0.06111083,7
2025-04-12 12:13:00,1744459980,83589.6,83589.7,83589.6,83589.6,83589.6,0.07453933,5
2025-04-12 12:12:00,1744459920,83560.8,83584.8,83560.8,83584.8,83582.9,0.23968424,13
2025-04-12 12:11:00,1744459860,83559.1,83559.1,83559.0,83559.1,83559.0,0.00156984,5
2025-04-12 12:10:00,1744459800,83510.0,83559.2,83509.9,83559.1,83549.6,4.51931285,28
2025-04-12 12:09:00,1744459740,83499.9,83510.0,83499.9,83510.0,83502.1,0.00757535,6
2025-04-12 12:08:00,1744459680,83473.3,83497.8,83473.3,83497.8,83489.4,0.00155884,10
2025-04-12 12:07:00,1744459620,83475.1,83475.1,83475.0,83475.1,83475.0,0.02084375,9
2025-04-12 12:06:00,1744459560,83493.1,83493.1,83475.1,83475.1,83478.0,0.01522055,11
2025-04-12 12:05:00,1744459500,83500.1,83500.1,83493.1,83493.1,83499.1,0.05747706,17
2025-04-12 12:04:00,1744459440,83503.9,83503.9,83500.0,83500.1,83501.0,0.00406607,4
2025-04-12 12:03:00,1744459380,83506.0,83506.0,83500.0,83500.0,83505.6,0.0405125,6
2025-04-12 12:02:00,1744459320,83510.0,83510.0,83509.9,83509.9,83509.9,0.02632538,4
2025-04-12 12:01:00,1744459260,83510.0,83510.0,83510.0,83510.0,83510.0,0.05017996,4
2025-04-12 12:00:00,1744459200,83500.0,83510.0,83500.0,83510.0,83500.0,11.41635674,35
2025-04-12 11:59:00,1744459140,83500.0,83500.0,83499.9,83500.0,83499.9,0.00176138,5
2025-04-12 11:58:00,1744459080,83500.0,83500.0,83499.9,83500.0,83499.9,0.00543867,5
2025-04-12 11:57:00,1744459020,83500.0,83500.0,83500.0,83500.0,83500.0,0.0236928,9
2025-04-12 11:56:00,1744458960,83499.9,83499.9,83499.9,83499.9,83499.9,0.003244,3
2025-04-12 11:55:00,1744458900,83499.9,83500.0,83499.9,83500.0,83499.9,0.00014546,2
2025-04-12 11:54:00,1744458840,83499.9,83499.9,83499.9,83499.9,83499.9,0.00222148,1
2025-04-12 11:53:00,1744458780,83500.0,83500.0,83499.9,83499.9,83499.9,0.01745383,3
2025-04-12 11:52:00,1744458720,83500.0,83500.0,83499.9,83499.9,83499.9,0.00063588,2
2025-04-12 11:51:00,1744458660,83475.5,83500.0,83475.4,83500.0,83477.5,0.03658599,12
2025-04-12 11:50:00,1744458600,83487.6,83487.6,83475.1,83475.1,83486.6,0.00787299,5
2025-04-12 11:49:00,1744458540,83461.5,83487.6,83461.4,83487.6,83479.6,0.03782156,17
2025-04-12 11:48:00,1744458480,83461.5,83461.5,83461.4,83461.4,83461.4,0.00266879,5
2025-04-12 11:47:00,1744458420,83457.1,83457.1,83457.1,83457.1,83457.1,0.00479872,2
2025-04-12 11:46:00,1744458360,83461.6,83461.6,83457.1,83457.1,83460.6,0.04966903,20
2025-04-12 11:45:00,1744458300,83471.3,83471.3,83461.5,83461.5,83470.9,0.0139193,7
2025-04-12 11:44:00,1744458240,83466.1,83471.3,83466.1,83471.2,83471.0,0.00188584,7
2025-04-12 11:43:00,1744458180,83448.0,83462.8,83448.0,83462.8,83453.5,0.00153864,6
2025-04-12 11:42:00,1744458120,83430.1,83443.9,83430.0,83443.9,83441.1,0.01867366,6
2025-04-12 11:41:00,1744458060,83471.3,83471.3,83439.0,83439.0,83467.6,0.98080958,17
2025-04-12 11:40:00,1744458000,83471.2,83471.2,83471.2,83471.2,0.0,0.0,0
2025-04-12 11:39:00,1744457940,83471.2,83471.3,83471.2,83471.2,83471.2,0.0010086,3
2025-04-12 11:38:00,1744457880,83478.4,83478.4,83470.3,83470.3,83471.3,1.00011979,10
2025-04-12 11:37:00,1744457820,83484.1,83484.1,83478.4,83478.4,83482.8,0.01052932,7
2025-04-12 11:36:00,1744457760,83493.1,83493.1,83484.1,83484.1,83488.5,0.01459267,13
2025-04-12 11:35:00,1744457700,83511.1,83511.1,83496.8,83496.8,83502.9,0.03977489,12
2025-04-12 11:34:00,1744457640,83520.1,83520.1,83520.1,83520.1,83520.1,0.00071522,2
2025-04-12 11:33:00,1744457580,83520.1,83520.1,83520.0,83520.0,83520.0,0.00154383,2
2025-04-12 11:32:00,1744457520,83520.0,83520.1,83520.0,83520.0,83520.0,0.00231019,3
2025-04-12 11:31:00,1744457460,83538.0,83538.0,83520.0,83520.1,83526.9,0.02957336,13
2025-04-12 11:30:00,1744457400,83556.0,83556.0,83547.0,83547.0,83555.6,0.0264451,11
2025-04-12 11:29:00,1744457340,83533.7,83555.9,83533.7,83555.9,83554.9,0.07393098,4
2025-04-12 11:28:00,1744457280,83548.9,83548.9,83538.0,83538.0,83548.1,0.00592721,6
2025-04-12 11:27:00,1744457220,83548.9,83548.9,83548.8,83548.9,83548.8,0.06108128,5
2025-04-12 11:26:00,1744457160,83548.9,83548.9,83548.9,83548.9,83548.9,0.0028622,4
2025-04-12 11:25:00,1744457100,83548.9,83548.9,83548.8,83548.9,83548.8,0.06421903,11
2025-04-12 11:24:00,1744457040,83553.0,83553.0,83548.8,83548.9,83552.3,0.15361497,10
2025-04-12 11:23:00,1744456980,83549.0,83553.0,83549.0,83553.0,83552.6,0.01462393,6
2025-04-12 11:22:00,1744456920,83549.0,83549.0,83548.9,83548.9,83548.9,0.00396288,4
2025-04-12 11:21:00,1744456860,83589.7,83589.7,83549.0,83549.0,83589.1,0.23983175,43
2025-04-12 11:20:00,1744456800,83589.7,83589.7,83589.6,83589.6,83589.6,0.22276528,27
2025-04-12 11:19:00,1744456740,83489.0,83589.7,83489.0,83589.7,83524.0,0.19017949,38
2025-04-12 11:18:00,1744456680,83489.0,83489.0,83489.0,83489.0,83489.0,0.0710969,9
2025-04-12 11:17:00,1744456620,83489.0,83489.0,83488.9,83489.0,83488.9,0.02720218,14
2025-04-12 11:16:00,1744456560,83489.0,83489.0,83488.9,83489.0,83488.9,0.00722136,7
2025-04-12 11:15:00,1744456500,83489.0,83489.0,83488.9,83488.9,83488.9,0.0038488,7
2025-04-12 11:14:00,1744456440,83489.0,83489.0,83488.9,83488.9,83488.9,0.00365978,3
2025-04-12 11:13:00,1744456380,83489.0,83489.0,83488.9,83488.9,83488.9,0.00407068,6
2025-04-12 11:12:00,1744456320,83489.0,83489.0,83488.9,83488.9,83488.9,0.06760096,8
2025-04-12 11:11:00,1744456260,83488.9,83489.0,83488.9,83488.9,83488.9,0.00156484,3
2025-04-12 11:10:00,1744456200,83488.9,83489.0,83488.9,83489.0,83488.9,0.00298112,3
2025-04-12 11:09:00,1744456140,83486.5,83488.9,83486.4,83488.9,83486.4,0.06463164,4
2025-04-12 11:08:00,1744456080,83486.5,83486.5,83486.5,83486.5,83486.5,0.01221309,3
2025-04-12 11:07:00,1744456020,83486.4,83486.4,83486.4,83486.4,83486.4,0.00581393,2
2025-04-12 11:06:00,1744455960,83470.0,83486.5,83469.9,83486.5,83474.9,0.06192132,12
2025-04-12 11:05:00,1744455900,83470.0,83470.0,83469.9,83469.9,83469.9,0.0162182,4
2025-04-12 11:04:00,1744455840,83461.6,83470.0,83461.6,83469.9,83467.0,1.19908095,7
2025-04-12 11:03:00,1744455780,83441.8,83498.9,83441.8,83461.6,83467.6,1.18468698,35
2025-04-12 11:02:00,1744455720,83441.8,83441.8,83441.8,83441.8,83441.8,0.01795799,4
2025-04-12 11:01:00,1744455660,83441.8,83441.8,83441.7,83441.8,83441.7,0.02917908,19
2025-04-12 11:00:00,1744455600,83384.9,83443.8,83384.9,83441.8,83439.6,0.53458555,24
2025-04-12 10:59:00,1744455540,83379.2,83384.3,83379.2,83384.3,83383.4,0.00688123,3
2025-04-12 10:58:00,1744455480,83376.0,83377.7,83376.0,83377.7,83377.4,0.0758559,3
2025-04-12 10:57:00,1744455420,83340.1,83376.0,83340.1,83376.0,83373.1,0.07355981,14
2025-04-12 10:56:00,1744455360,83333.3,83340.0,83333.3,83340.0,83337.8,0.0013011,4
2025-04-12 10:55:00,1744455300,83333.3,83333.3,83333.3,83333.3,83333.3,0.00508951,4
2025-04-12 10:54:00,1744455240,83333.3,83333.3,83333.2,83333.3,83333.2,0.01836915,3
2025-04-12 10:53:00,1744455180,83333.3,83333.3,83333.3,83333.3,83333.3,0.00598652,8
2025-04-12 10:52:00,1744455120,83333.3,83333.3,83333.3,83333.3,83333.3,2.359e-05,1
2025-04-12 10:51:00,1744455060,83333.3,83333.3,83333.3,83333.3,83333.3,0.00540104,8
2025-04-12 10:50:00,1744455000,83333.3,83333.3,83333.3,83333.3,83333.3,0.00336238,8
2025-04-12 10:49:00,1744454940,83333.3,83333.3,83333.2,83333.2,83333.2,0.00771445,6
2025-04-12 10:48:00,1744454880,83331.0,83333.3,83330.9,83333.3,83331.7,0.01276205,9
2025-04-12 10:47:00,1744454820,83318.7,83331.0,83318.7,83330.9,83327.7,0.10506995,12
2025-04-12 10:46:00,1744454760,83299.0,83318.6,83299.0,83318.6,83313.2,0.37845879,23
2025-04-12 10:45:00,1744454700,83299.1,83299.1,83299.0,83299.0,83299.0,0.01783466,6
2025-04-12 10:44:00,1744454640,83318.7,83318.7,83299.1,83299.1,83301.6,0.2116608,15
2025-04-12 10:43:00,1744454580,83313.5,83318.7,83313.5,83318.7,83318.1,0.00521539,12
2025-04-12 10:42:00,1744454520,83334.5,83334.5,83309.2,83313.4,83312.1,0.32217991,17
2025-04-12 10:41:00,1744454460,83376.1,83376.1,83305.2,83334.5,83325.8,49.52098769,75
2025-04-12 10:40:00,1744454400,83379.2,83379.2,83379.1,83379.1,83379.1,0.02835849,7
2025-04-12 10:39:00,1744454340,83379.2,83379.2,83379.1,83379.1,83379.1,0.00148007,3
2025-04-12 10:38:00,1744454280,83386.4,83386.4,83379.1,83379.2,83383.8,0.01021072,9
2025-04-12 10:37:00,1744454220,83386.4,83386.4,83386.3,83386.3,83386.3,0.01209095,8
2025-04-12 10:36:00,1744454160,83400.1,83400.1,83389.1,83389.1,83399.9,14.3206432,31
2025-04-12 10:35:00,1744454100,83403.1,83403.1,83400.0,83400.0,83400.0,0.12116158,7
2025-04-12 10:34:00,1744454040,83430.6,83430.6,83412.0,83412.0,83423.6,0.00353408,20
2025-04-12 10:33:00,1744453980,83421.1,83430.6,83421.1,83430.5,83425.0,0.00422054,12
2025-04-12 10:32:00,1744453920,83421.1,83421.1,83421.1,83421.1,83421.1,0.00552225,3
2025-04-12 10:31:00,1744453860,83457.1,83457.1,83415.2,83415.2,83442.3,0.00717106,14
2025-04-12 10:30:00,1744453800,83456.8,83457.1,83456.8,83457.0,83456.8,0.00038775,3
2025-04-12 10:29:00,1744453740,83456.8,83456.8,83456.8,83456.8,83456.8,0.01261496,4
2025-04-12 10:28:00,1744453680,83439.0,83456.8,83439.0,83456.8,83453.1,0.0034001,5
2025-04-12 10:27:00,1744453620,83418.9,83430.1,83418.9,83430.1,83420.7,0.00193097,8
2025-04-12 10:26:00,1744453560,83412.0,83417.8,83412.0,83417.8,83417.4,0.00113531,2
2025-04-12 10:25:00,1744453500,83411.9,83411.9,83411.9,83411.9,83411.9,5.068e-05,1
2025-04-12 10:24:00,1744453440,83409.2,83409.2,83400.0,83400.0,83401.2,0.13049648,13
2025-04-12 10:23:00,1744453380,83409.2,83409.2,83409.1,83409.1,83409.1,0.16092634,7
2025-04-12 10:22:00,1744453320,83409.2,83409.2,83409.1,83409.2,83409.1,0.02284228,4
2025-04-12 10:21:00,1744453260,83419.1,83419.1,83409.2,83409.2,83418.7,0.02075435,7
2025-04-12 10:20:00,1744453200,83425.6,83425.6,83419.7,83419.7,83425.4,0.12400667,8
2025-04-12 10:19:00,1744453140,83431.1,83431.1,83425.5,83425.5,83430.9,0.30654841,7
2025-04-12 10:18:00,1744453080,83431.1,83431.1,83431.1,83431.1,83431.1,0.00895491,2
2025-04-12 10:17:00,1744453020,83456.9,83457.0,83428.5,83431.0,83430.3,0.20982426,39
2025-04-12 10:16:00,1744452960,83445.8,83457.0,83445.8,83457.0,83446.2,0.01940761,3
2025-04-12 10:15:00,1744452900,83451.7,83451.7,83439.9,83445.7,83445.7,0.00500411,8
2025-04-12 10:14:00,1744452840,83469.4,83469.4,83447.5,83447.5,83450.5,19.61364596,24
2025-04-12 10:13:00,1744452780,83489.0,83489.0,83469.3,83469.3,83469.8,0.01257684,5
2025-04-12 10:12:00,1744452720,83489.0,83489.0,83489.0,83489.0,83489.0,0.00186537,5
2025-04-12 10:11:00,1744452660,83489.0,83489.0,83489.0,83489.0,83489.0,0.00130291,1
2025-04-12 10:10:00,1744452600,83474.0,83489.0,83474.0,83489.0,83480.7,0.10044912,10
2025-04-12 10:09:00,1744452540,83474.0,83474.0,83474.0,83474.0,83474.0,0.00859669,2
2025-04-12 10:08:00,1744452480,83474.0,83474.0,83473.9,83473.9,83473.9,0.00054173,2
2025-04-12 10:07:00,1744452420,83461.6,83474.0,83461.6,83474.0,83461.9,0.07184986,8
2025-04-12 10:06:00,1744452360,83461.6,83461.6,83461.5,83461.5,83461.5,0.00432844,3
2025-04-12 10:05:00,1744452300,83473.9,83474.0,83461.5,83461.5,83461.5,0.25658981,6
2025-04-12 10:04:00,1744452240,83473.9,83474.0,83473.9,83474.0,83473.9,0.0187764,6
2025-04-12 10:03:00,1744452180,83461.6,83461.6,83461.6,83461.6,83461.6,0.00491957,3
2025-04-12 10:02:00,1744452120,83461.5,83461.6,83461.5,83461.6,83461.5,0.00337697,4
2025-04-12 10:01:00,1744452060,83493.1,83493.1,83461.5,83461.5,83475.9,0.01857988,13
2025-04-12 10:00:00,1744452000,83517.0,83517.0,83493.1,83493.1,83515.3,1.18072078,19
2025-04-12 09:59:00,1744451940,83514.7,83517.0,83514.7,83517.0,83515.2,0.01225723,3
2025-04-12 09:58:00,1744451880,83510.9,83514.7,83510.9,83514.7,83514.6,0.01426424,28
2025-04-12 09:57:00,1744451820,83502.1,83510.8,83502.1,83510.8,83502.3,0.00232422,2
2025-04-12 09:56:00,1744451760,83502.1,83502.1,83502.0,83502.0,83502.0,0.00289166,3
2025-04-12 09:55:00,1744451700,83504.9,83504.9,83502.1,83502.1,83504.8,0.0035547,3
2025-04-12 09:54:00,1744451640,83520.1,83520.1,83498.3,83504.8,83503.9,0.10466538,16
2025-04-12 09:53:00,1744451580,83520.1,83520.1,83520.0,83520.1,83520.0,0.00505706,3
2025-04-12 09:52:00,1744451520,83538.0,83538.0,83529.0,83529.0,83534.0,0.00150112,6
2025-04-12 09:51:00,1744451460,83589.6,83589.6,83547.0,83547.0,83571.5,1.15325793,14
2025-04-12 09:50:00,1744451400,83589.6,83589.6,83589.5,83589.5,83589.5,0.0341093,5
2025-04-12 09:49:00,1744451340,83574.7,83589.6,83574.6,83589.5,83585.2,0.0445523,40
2025-04-12 09:48:00,1744451280,83574.7,83574.7,83574.7,83574.7,83574.7,0.00151668,1
2025-04-12 09:47:00,1744451220,83564.9,83574.7,83564.8,83574.6,83574.3,0.72815207,10
2025-04-12 09:46:00,1744451160,83534.9,83564.8,83534.9,83564.8,83542.3,0.02502265,16
2025-04-12 09:45:00,1744451100,83534.9,83534.9,83534.8,83534.9,83534.8,0.0021645,3
2025-04-12 09:44:00,1744451040,83492.4,83534.9,83492.3,83534.9,83494.4,0.11911896,76
2025-04-12 09:43:00,1744450980,83492.4,83492.4,83492.3,83492.3,83492.3,0.03680924,15
2025-04-12 09:42:00,1744450920,83461.9,83492.3,83461.9,83492.3,83461.9,0.47607039,17
2025-04-12 09:41:00,1744450860,83461.9,83461.9,83461.9,83461.9,83461.9,0.0253153,3
2025-04-12 09:40:00,1744450800,83461.5,83461.5,83461.5,83461.5,83461.5,0.00661096,2
2025-04-12 09:39:00,1744450740,83451.6,83451.6,83451.6,83451.6,83451.6,0.000312,1
2025-04-12 09:38:00,1744450680,83461.5,83461.5,83451.6,83451.6,83452.9,0.0097478,3
2025-04-12 09:37:00,1744450620,83457.0,83461.5,83457.0,83461.5,83461.4,0.05895597,8
2025-04-12 09:36:00,1744450560,83461.5,83461.5,83441.0,83452.6,83444.2,0.12124596,11
2025-04-12 09:35:00,1744450500,83461.5,83461.5,83461.5,83461.5,83461.5,0.01965936,13
2025-04-12 09:34:00,1744450440,83445.3,83461.5,83445.3,83461.5,83456.9,0.00341767,5
2025-04-12 09:33:00,1744450380,83461.6,83461.6,83445.2,83445.2,83458.5,0.51312982,14
2025-04-12 09:32:00,1744450320,83466.0,83466.0,83461.5,83461.6,83461.7,0.02447467,5
2025-04-12 09:31:00,1744450260,83469.9,83482.6,83466.1,83466.1,83466.7,0.07841912,11
2025-04-12 09:30:00,1744450200,83461.6,83469.9,83461.5,83467.7,83465.3,0.0018205,4
2025-04-12 09:29:00,1744450140,83461.6,83461.6,83461.6,83461.6,83461.6,0.00965707,5
2025-04-12 09:28:00,1744450080,83461.6,83461.6,83461.6,83461.6,83461.6,0.05247638,4
2025-04-12 09:27:00,1744450020,83534.9,83534.9,83466.0,83466.0,83520.0,0.02260702,18
2025-04-12 09:26:00,1744449960,83534.9,83534.9,83534.9,83534.9,83534.9,7.541e-05,1
2025-04-12 09:25:00,1744449900,83535.0,83543.1,83534.9,83534.9,83537.5,0.0205327,7
2025-04-12 09:24:00,1744449840,83545.0,83545.0,83535.0,83535.0,83543.8,0.00165506,3
2025-04-12 09:23:00,1744449780,83534.9,83545.0,83534.9,83544.9,83534.9,4.02507698,28
2025-04-12 09:22:00,1744449720,83502.0,83535.0,83502.0,83535.0,83514.3,0.01661539,44
2025-04-12 09:21:00,1744449660,83493.1,83502.0,83493.1,83501.9,83501.8,0.24806588,5
2025-04-12 09:20:00,1744449600,83459.3,83493.1,83459.3,83493.0,83459.3,10.89278383,29
2025-04-12 09:19:00,1744449540,83459.3,83459.3,83459.3,83459.3,83459.3,0.00193904,4
2025-04-12 09:18:00,1744449480,83459.3,83459.3,83459.3,83459.3,83459.3,0.0092238,2
2025-04-12 09:17:00,1744449420,83459.3,83459.3,83459.2,83459.2,83459.2,0.12348363,5
2025-04-12 09:16:00,1744449360,83473.0,83473.0,83459.2,83459.2,83470.9,0.11345523,6
2025-04-12 09:15:00,1744449300,83472.5,83472.9,83472.4,83472.9,83472.4,0.04936874,4
2025-04-12 09:14:00,1744449240,83472.5,83472.5,83472.5,83472.5,83472.5,0.11176833,5
2025-04-12 09:13:00,1744449180,83602.2,83602.2,83459.2,83459.2,83468.6,31.19434553,66
2025-04-12 09:12:00,1744449120,83641.3,83641.4,83602.1,83602.1,83628.2,0.08117156,18
2025-04-12 09:11:00,1744449060,83660.9,83673.0,83646.0,83646.0,83664.5,0.0170351,12
2025-04-12 09:10:00,1744449000,83664.1,83664.1,83661.0,83661.0,83663.8,0.00134791,4
2025-04-12 09:09:00,1744448940,83673.1,83673.1,83664.0,83664.0,83672.9,0.01300227,4
2025-04-12 09:08:00,1744448880,83680.7,83680.7,83673.0,83673.0,83677.5,0.00352315,8
2025-04-12 09:07:00,1744448820,83713.0,83713.0,83680.6,83680.6,83707.5,0.03542125,13
2025-04-12 09:06:00,1744448760,83717.8,83717.8,83709.0,83712.9,83712.9,0.01152439,4
2025-04-12 09:05:00,1744448700,83709.1,83717.9,83709.0,83717.9,83713.4,0.2412258,10
2025-04-12 09:04:00,1744448640,83717.9,83718.0,83709.1,83709.1,83716.7,0.00951991,9
2025-04-12 09:03:00,1744448580,83727.1,83727.1,83718.0,83718.0,83726.2,0.01884789,11
2025-04-12 09:02:00,1744448520,83683.7,83737.8,83683.7,83728.5,83714.5,0.24525323,22
2025-04-12 09:01:00,1744448460,83612.1,83683.8,83612.0,83683.8,83623.6,0.00859817,20
2025-04-12 09:00:00,1744448400,83577.2,83618.0,83577.2,83612.1,83613.6,0.39302912,31
2025-04-12 08:59:00,1744448340,83577.2,83577.2,83577.2,83577.2,83577.2,0.00210897,2
2025-04-12 08:58:00,1744448280,83577.2,83577.2,83577.1,83577.1,83577.1,0.00374818,4
2025-04-12 08:57:00,1744448220,83589.8,83589.8,83577.1,83577.1,83585.5,0.01145174,8
2025-04-12 08:56:00,1744448160,83582.2,83621.8,83582.2,83589.8,83594.6,0.00895382,16
2025-04-12 08:55:00,1744448100,83565.0,83582.1,83565.0,83582.1,83575.1,0.05583042,11
2025-04-12 08:54:00,1744448040,83547.0,83556.1,83547.0,83556.1,83549.4,0.023528,17
2025-04-12 08:53:00,1744447980,83528.3,83547.0,83528.3,83547.0,83546.7,0.02618755,10
2025-04-12 08:52:00,1744447920,83528.5,83528.5,83521.2,83521.2,83521.9,0.42819252,9
2025-04-12 08:51:00,1744447860,83523.7,83535.7,83523.7,83528.5,83531.2,0.5200393,24
2025-04-12 08:50:00,1744447800,83523.7,83523.7,83523.6,83523.6,83523.6,1.01499121,13
2025-04-12 08:49:00,1744447740,83556.0,83556.0,83523.7,83523.7,83540.3,0.00458939,11
2025-04-12 08:48:00,1744447680,83574.0,83574.0,83556.1,83556.1,83562.5,0.00564731,8
2025-04-12 08:47:00,1744447620,83582.2,83582.2,83582.1,83582.1,83582.1,0.00414649,4
2025-04-12 08:46:00,1744447560,83628.1,83642.0,83579.0,83579.0,83591.5,0.32317528,28
2025-04-12 08:45:00,1744447500,83615.7,83624.5,83615.7,83623.7,83615.9,0.05031722,12
2025-04-12 08:44:00,1744447440,83615.7,83615.7,83615.6,83615.6,83615.6,0.00132579,3
2025-04-12 08:43:00,1744447380,83637.1,83637.1,83615.6,83615.7,83616.4,0.10123976,11
2025-04-12 08:42:00,1744447320,83642.2,83642.2,83637.1,83637.1,83642.1,0.70818418,14
2025-04-12 08:41:00,1744447260,83650.0,83650.0,83642.1,83642.1,83646.5,0.50971044,18
2025-04-12 08:40:00,1744447200,83628.0,83650.0,83628.0,83649.9,83644.6,0.00485465,12
2025-04-12 08:39:00,1744447140,83589.7,83627.9,83589.7,83627.9,83602.5,0.01182862,18
2025-04-12 08:38:00,1744447080,83589.7,83589.7,83589.7,83589.7,83589.7,0.00286918,1
2025-04-12 08:37:00,1744447020,83557.4,83589.6,83557.4,83589.6,83557.6,0.23904954,12
2025-04-12 08:36:00,1744446960,83573.8,83573.8,83557.4,83557.4,83573.7,0.02825942,5
2025-04-12 08:35:00,1744446900,83520.0,83565.1,83520.0,83565.1,83529.7,0.19652992,15
2025-04-12 08:34:00,1744446840,83501.1,83510.9,83501.1,83510.9,83501.9,0.001462,6
2025-04-12 08:33:00,1744446780,83502.1,83502.1,83501.1,83501.1,83501.9,0.00974237,6
2025-04-12 08:32:00,1744446720,83511.7,83511.7,83510.6,83510.6,83510.6,0.22258446,12
2025-04-12 08:31:00,1744446660,83527.4,83527.4,83511.6,83511.6,83521.2,0.00131992,6
2025-04-12 08:30:00,1744446600,83529.0,83529.0,83527.2,83527.4,83527.5,0.18346436,9
2025-04-12 08:29:00,1744446540,83521.6,83521.6,83521.6,83521.6,83521.6,0.00534092,4
2025-04-12 08:28:00,1744446480,83521.6,83521.6,83517.0,83517.1,83517.2,0.1003089,6
2025-04-12 08:27:00,1744446420,83606.5,83606.6,83516.1,83516.1,83535.2,5.92546216,48
2025-04-12 08:26:00,1744446360,83618.9,83618.9,83606.5,83606.5,83606.5,0.26545427,9
2025-04-12 08:25:00,1744446300,83628.0,83628.0,83606.3,83618.9,83612.6,0.11449433,12
2025-04-12 08:24:00,1744446240,83664.1,83664.1,83617.7,83628.0,83629.7,0.25189472,31
2025-04-12 08:23:00,1744446180,83664.0,83682.0,83664.0,83682.0,83676.6,0.00207927,7
2025-04-12 08:22:00,1744446120,83745.8,83745.8,83651.1,83651.1,83741.2,0.94758651,32
2025-04-12 08:21:00,1744446060,83745.9,83745.9,83745.8,83745.8,83745.8,0.24261722,8
2025-04-12 08:20:00,1744446000,83751.2,83762.1,83745.8,83745.8,83760.2,0.10161091,9
2025-04-12 08:19:00,1744445940,83751.2,83751.2,83745.9,83745.9,83751.0,0.00398413,5
2025-04-12 08:18:00,1744445880,83839.1,83839.1,83751.1,83751.2,83752.0,1.04201294,36
2025-04-12 08:17:00,1744445820,83845.1,83845.1,83839.1,83839.1,83844.7,0.08328133,8
2025-04-12 08:16:00,1744445760,83916.0,83916.0,83843.9,83845.1,83878.0,2.02619257,34
2025-04-12 08:15:00,1744445700,83976.2,83976.2,83916.1,83916.1,83947.6,0.08267564,23
2025-04-12 08:14:00,1744445640,83912.0,83980.5,83912.0,83976.1,83953.2,0.37634188,34
2025-04-12 08:13:00,1744445580,83904.9,83912.0,83904.9,83911.9,83904.9,2.09046398,6
2025-04-12 08:12:00,1744445520,83936.4,83936.4,83904.8,83904.8,83917.0,3.05590713,20
2025-04-12 08:11:00,1744445460,83825.1,83937.3,83825.1,83936.4,83917.8,3.25646163,90
2025-04-12 08:10:00,1744445400,83820.5,83824.6,83820.5,83824.6,83821.2,0.00407027,7
2025-04-12 08:09:00,1744445340,83810.3,83820.5,83810.3,83820.5,83814.5,0.03993902,7
2025-04-12 08:08:00,1744445280,83810.4,83810.4,83810.4,83810.4,83810.4,0.02087227,6
2025-04-12 08:07:00,1744445220,83804.8,83810.4,83804.7,83810.4,83807.6,0.00268147,9
2025-04-12 08:06:00,1744445160,83749.9,83800.4,83749.9,83800.4,83765.1,0.75499571,63
2025-04-12 08:05:00,1744445100,83750.0,83750.0,83749.9,83749.9,83749.9,0.04830197,6
2025-04-12 08:04:00,1744445040,83750.0,83750.0,83749.9,83749.9,83749.9,0.04048599,6
2025-04-12 08:03:00,1744444980,83652.6,83750.0,83652.5,83750.0,83690.1,0.04444818,23
2025-04-12 08:02:00,1744444920,83652.6,83652.6,83652.6,83652.6,83652.6,0.00166217,2
2025-04-12 08:01:00,1744444860,83717.9,83717.9,83644.7,83652.6,83704.2,12.02701107,42
2025-04-12 08:00:00,1744444800,83710.1,83717.9,83710.0,83717.8,83717.6,0.12419643,10
2025-04-12 07:59:00,1744444740,83710.1,83710.1,83710.0,83710.1,83710.0,0.04117839,6
2025-04-12 07:58:00,1744444680,83710.1,83710.1,83710.1,83710.1,83710.1,0.00103974,2
2025-04-12 07:57:00,1744444620,83730.1,83730.1,83710.0,83710.0,83718.1,0.50740398,16
2025-04-12 07:56:00,1744444560,83750.0,83750.0,83730.0,83730.1,83734.5,0.1963236,11
2025-04-12 07:55:00,1744444500,83750.0,83750.0,83750.0,83750.0,0.0,0.0,0
2025-04-12 07:54:00,1744444440,83750.0,83750.0,83750.0,83750.0,83750.0,0.52369717,5
2025-04-12 07:53:00,1744444380,83750.0,83750.0,83750.0,83750.0,83750.0,0.351243,7
2025-04-12 07:52:00,1744444320,83749.9,83750.0,83749.9,83750.0,83749.9,0.00198397,6
2025-04-12 07:51:00,1744444260,83748.8,83750.0,83748.8,83750.0,83748.8,0.12094187,4
2025-04-12 07:50:00,1744444200,83748.8,83748.8,83748.8,83748.8,83748.8,0.09712423,3
2025-04-12 07:49:00,1744444140,83748.8,83748.8,83748.8,83748.8,0.0,0.0,0
2025-04-12 07:48:00,1744444080,83748.8,83748.8,83748.7,83748.8,83748.7,0.00335862,6
2025-04-12 07:47:00,1744444020,83730.0,83748.7,83730.0,83748.7,83734.1,0.07257959,16
2025-04-12 07:46:00,1744443960,83730.0,83730.0,83730.0,83730.0,83730.0,0.10504315,5
2025-04-12 07:45:00,1744443900,83707.1,83730.0,83707.1,83730.0,83713.2,0.06075293,18
2025-04-12 07:44:00,1744443840,83707.1,83707.1,83707.0,83707.1,83707.0,0.00225401,6
2025-04-12 07:43:00,1744443780,83702.7,83707.1,83702.7,83707.1,83704.9,0.12346535,7
2025-04-12 07:42:00,1744443720,83700.0,83700.0,83699.9,83700.0,83699.9,0.10518807,6
2025-04-12 07:41:00,1744443660,83700.0,83700.0,83700.0,83700.0,83700.0,0.06749354,2
2025-04-12 07:40:00,1744443600,83684.3,83700.0,83684.3,83699.9,83699.9,0.30810981,7
2025-04-12 07:39:00,1744443540,83699.9,83699.9,83698.9,83698.9,83699.7,0.12653131,9
2025-04-12 07:38:00,1744443480,83696.9,83699.5,83696.9,83699.5,83698.9,0.00812364,6
2025-04-12 07:37:00,1744443420,83646.1,83696.8,83646.1,83696.8,83687.1,0.00413493,8
2025-04-12 07:36:00,1744443360,83628.0,83636.9,83627.9,83636.9,83630.7,0.00176865,5
2025-04-12 07:35:00,1744443300,83628.0,83628.0,83628.0,83628.0,83628.0,0.00063739,2
2025-04-12 07:34:00,1744443240,83628.0,83628.0,83627.9,83627.9,83627.9,0.00721664,5
2025-04-12 07:33:00,1744443180,83574.0,83628.0,83574.0,83628.0,83577.0,0.0528391,12
2025-04-12 07:32:00,1744443120,83591.9,83591.9,83589.7,83589.7,83589.9,0.23311018,12
2025-04-12 07:31:00,1744443060,83589.7,83591.9,83589.7,83591.9,83589.7,0.16154248,9
2025-04-12 07:30:00,1744443000,83582.9,83589.7,83582.9,83589.7,83589.0,0.00064856,5
2025-04-12 07:29:00,1744442940,83582.8,83582.8,83582.7,83582.8,83582.7,0.02909549,4
2025-04-12 07:28:00,1744442880,83582.8,83582.8,83582.8,83582.8,83582.8,0.01003795,2
2025-04-12 07:27:00,1744442820,83574.0,83574.0,83574.0,83574.0,0.0,0.0,0
2025-04-12 07:26:00,1744442760,83574.1,83574.1,83574.0,83574.0,83574.0,0.12548257,5
2025-04-12 07:25:00,1744442700,83566.9,83583.1,83566.9,83583.0,83575.0,0.00512994,6
2025-04-12 07:24:00,1744442640,83589.6,83589.6,83570.1,83570.1,83575.8,0.0642336,15
2025-04-12 07:23:00,1744442580,83574.1,83589.6,83574.0,83589.6,83582.2,0.05108986,6
2025-04-12 07:22:00,1744442520,83589.8,83589.8,83583.0,83583.0,83588.9,0.01946343,14
2025-04-12 07:21:00,1744442460,83628.1,83628.1,83589.7,83589.7,83619.0,0.00603806,15
2025-04-12 07:20:00,1744442400,83637.1,83637.1,83628.0,83628.0,83636.7,0.04837885,10
2025-04-12 07:19:00,1744442340,83698.8,83698.8,83645.9,83645.9,83673.3,0.01347796,25
2025-04-12 07:18:00,1744442280,83654.8,83698.9,83654.8,83698.9,83692.7,0.04511847,15
2025-04-12 07:17:00,1744442220,83615.3,83646.0,83615.3,83646.0,83616.5,0.24417316,11
2025-04-12 07:16:00,1744442160,83582.9,83610.0,83582.9,83610.0,83591.3,0.00833111,13
2025-04-12 07:15:00,1744442100,83510.7,83575.6,83510.7,83574.8,83573.0,1.32911495,26
2025-04-12 07:14:00,1744442040,83510.6,83510.7,83510.6,83510.7,83510.6,0.00031014,2
2025-04-12 07:13:00,1744441980,83510.6,83510.7,83510.6,83510.6,83510.6,0.01241689,7
2025-04-12 07:12:00,1744441920,83493.0,83510.7,83493.0,83510.7,83510.0,0.0187011,8
2025-04-12 07:11:00,1744441860,83476.8,83489.2,83473.1,83489.2,83476.3,1.95675812,25
2025-04-12 07:10:00,1744441800,83510.7,83510.7,83475.3,83475.3,83479.3,0.05621669,10
2025-04-12 07:09:00,1744441740,83510.7,83510.7,83510.6,83510.6,83510.6,0.12523149,6
2025-04-12 07:08:00,1744441680,83494.3,83510.7,83494.3,83510.7,83501.0,0.0056474,5
2025-04-12 07:07:00,1744441620,83494.3,83494.3,83494.3,83494.3,83494.3,0.02495459,10
2025-04-12 07:06:00,1744441560,83502.0,83511.0,83494.2,83494.3,83495.5,0.1099145,10
2025-04-12 07:05:00,1744441500,83487.7,83487.7,83487.6,83487.7,83487.6,0.06107006,3
2025-04-12 07:04:00,1744441440,83500.1,83500.1,83487.7,83487.7,83492.9,0.05563457,10
2025-04-12 07:03:00,1744441380,83500.1,83500.1,83500.1,83500.1,83500.1,0.00083248,2
2025-04-12 07:02:00,1744441320,83511.0,83511.0,83500.0,83500.0,83500.0,0.08243588,6
2025-04-12 07:01:00,1744441260,83530.7,83539.2,83513.4,83513.4,83527.3,0.00229474,6
2025-04-12 07:00:00,1744441200,83547.1,83547.1,83532.4,83532.4,83542.8,0.00765221,16
2025-04-12 06:59:00,1744441140,83555.9,83555.9,83548.4,83548.4,83555.7,0.003243,3
2025-04-12 06:58:00,1744441080,83538.0,83555.8,83538.0,83555.8,83549.6,0.00341067,5
2025-04-12 06:57:00,1744441020,83530.2,83537.9,83530.1,83537.9,83530.2,0.00608838,6
2025-04-12 06:56:00,1744440960,83528.8,83530.2,83528.8,83530.2,83530.0,0.01537088,6
2025-04-12 06:55:00,1744440900,83589.8,83589.8,83512.8,83512.8,83543.1,0.13567364,24
2025-04-12 06:54:00,1744440840,83615.3,83615.3,83590.2,83590.2,83609.4,0.00938398,11
2025-04-12 06:53:00,1744440780,83589.8,83614.8,83589.8,83614.8,83590.9,0.02471552,8
2025-04-12 06:52:00,1744440720,83592.1,83592.1,83589.7,83589.7,83591.7,0.00308153,3
2025-04-12 06:51:00,1744440660,83592.1,83592.1,83592.1,83592.1,83592.1,0.00966212,5
2025-04-12 06:50:00,1744440600,83615.4,83615.4,83592.1,83592.1,83611.4,0.02091681,7
2025-04-12 06:49:00,1744440540,83646.0,83646.0,83615.4,83615.4,83622.1,0.00540911,11
2025-04-12 06:48:00,1744440480,83636.9,83666.9,83636.9,83655.0,83649.5,0.00467971,8
2025-04-12 06:47:00,1744440420,83698.9,83698.9,83627.1,83627.2,83698.4,0.69384229,21
2025-04-12 06:46:00,1744440360,83698.9,83698.9,83698.8,83698.8,83698.8,0.12889299,6
2025-04-12 06:45:00,1744440300,83698.8,83698.9,83698.8,83698.8,83698.8,0.15566192,7
2025-04-12 06:44:00,1744440240,83648.9,83698.4,83648.9,83698.4,83671.9,0.17038618,23
2025-04-12 06:43:00,1744440180,83630.6,83646.1,83630.6,83646.1,83632.2,1.09422056,9
2025-04-12 06:42:00,1744440120,83631.9,83631.9,83630.6,83630.6,83631.7,0.10158566,6
2025-04-12 06:41:00,1744440060,83615.2,83631.8,83615.2,83631.8,83626.9,0.01014327,11
2025-04-12 06:40:00,1744440000,83615.1,83620.5,83615.1,83615.2,83619.2,0.21788189,10
2025-04-12 06:39:00,1744439940,83564.9,83615.2,83564.9,83615.1,83610.1,0.00217115,10
2025-04-12 06:38:00,1744439880,83552.0,83557.8,83551.9,83557.8,83552.0,0.11376175,8
2025-04-12 06:37:00,1744439820,83544.0,83544.0,83543.9,83543.9,83543.9,0.00060678,2
2025-04-12 06:36:00,1744439760,83552.0,83552.0,83538.1,83538.1,83543.3,0.31611993,11
2025-04-12 06:35:00,1744439700,83543.5,83543.5,83543.4,83543.5,83543.4,0.00878967,6
2025-04-12 06:34:00,1744439640,83614.1,83614.1,83543.4,83543.5,83599.0,0.75556878,17
2025-04-12 06:33:00,1744439580,83602.7,83617.1,83602.7,83616.3,83613.4,0.78786188,11
2025-04-12 06:32:00,1744439520,83602.8,83602.8,83602.8,83602.8,83602.8,0.34327269,4
2025-04-12 06:31:00,1744439460,83602.8,83602.8,83602.7,83602.7,83602.7,1.52101779,5
2025-04-12 06:30:00,1744439400,83602.8,83602.8,83602.7,83602.7,83602.7,0.01756995,4
2025-04-12 06:29:00,1744439340,83604.6,83604.6,83602.7,83602.7,83602.8,0.02116314,4
2025-04-12 06:28:00,1744439280,83602.8,83608.3,83602.7,83608.3,83606.9,0.71995809,7
2025-04-12 06:27:00,1744439220,83602.8,83602.8,83602.7,83602.8,83602.7,0.0113561,4
2025-04-12 06:26:00,1744439160,83602.7,83602.8,83602.7,83602.7,83602.7,0.46646364,9
2025-04-12 06:25:00,1744439100,83629.6,83648.9,83610.0,83610.0,83629.3,0.27776023,22
2025-04-12 06:24:00,1744439040,83445.1,83628.6,83445.1,83628.6,83520.2,1.45119532,81
2025-04-12 06:23:00,1744438980,83445.1,83445.1,83445.1,83445.1,83445.1,0.004273,4
2025-04-12 06:22:00,1744438920,83445.1,83445.1,83445.1,83445.1,83445.1,0.01447037,6
2025-04-12 06:21:00,1744438860,83445.1,83445.1,83445.0,83445.1,83445.0,0.00488921,5
2025-04-12 06:20:00,1744438800,83445.1,83445.1,83445.0,83445.0,83445.0,0.00760444,4
2025-04-12 06:19:00,1744438740,83449.1,83449.1,83445.0,83445.0,83447.2,0.0295368,8
2025-04-12 06:18:00,1744438680,83461.6,83461.6,83449.1,83449.1,83459.8,0.05724444,13
2025-04-12 06:17:00,1744438620,83475.1,83475.1,83461.5,83461.5,83466.3,0.00199732,7
2025-04-12 06:16:00,1744438560,83484.1,83484.1,83478.0,83478.0,83478.6,0.00734835,7
2025-04-12 06:15:00,1744438500,83489.2,83500.0,83484.1,83484.1,83496.7,0.34857472,20
2025-04-12 06:14:00,1744438440,83486.6,83486.6,83486.5,83486.6,83486.5,1.33168698,11
2025-04-12 06:13:00,1744438380,83470.5,83486.6,83470.5,83486.6,83479.8,0.19216934,14
2025-04-12 06:12:00,1744438320,83448.9,83470.5,83448.9,83470.5,83459.0,0.06589365,12
2025-04-12 06:11:00,1744438260,83447.9,83448.9,83447.9,83448.9,83448.3,0.03105887,10
2025-04-12 06:10:00,1744438200,83448.0,83448.0,83447.9,83448.0,83447.9,0.00272534,3
2025-04-12 06:09:00,1744438140,83440.0,83448.0,83439.9,83448.0,83444.5,0.07640736,10
2025-04-12 06:08:00,1744438080,83439.9,83440.0,83439.9,83440.0,83439.9,0.0124001,3
2025-04-12 06:07:00,1744438020,83429.9,83440.0,83429.9,83440.0,83438.2,0.00354402,5
2025-04-12 06:06:00,1744437960,83429.9,83429.9,83429.9,83429.9,83429.9,0.00312136,5
2025-04-12 06:05:00,1744437900,83421.1,83428.2,83421.1,83428.1,83428.0,0.00618856,5
2025-04-12 06:04:00,1744437840,83411.9,83421.0,83411.9,83421.0,83413.0,0.00678079,3
2025-04-12 06:03:00,1744437780,83403.1,83403.1,83403.0,83403.0,83403.0,0.00398077,9
2025-04-12 06:02:00,1744437720,83399.0,83412.1,83399.0,83403.0,83403.4,0.00890887,8
2025-04-12 06:01:00,1744437660,83379.7,83399.0,83379.7,83399.0,83383.5,0.88302167,14
2025-04-12 06:00:00,1744437600,83295.7,83379.8,83295.7,83379.8,83331.1,0.26821199,34
2025-04-12 05:59:00,1744437540,83295.6,83295.7,83295.6,83295.7,83295.6,0.03193765,5
2025-04-12 05:58:00,1744437480,83295.7,83295.7,83295.6,83295.7,83295.6,0.17219702,6
2025-04-12 05:57:00,1744437420,83295.7,83295.7,83295.6,83295.6,83295.6,0.01451236,4
2025-04-12 05:56:00,1744437360,83295.7,83295.7,83295.6,83295.6,83295.6,0.00900388,4
2025-04-12 05:55:00,1744437300,83283.1,83295.7,83283.1,83295.7,83284.0,0.00847319,5
2025-04-12 05:54:00,1744437240,83291.1,83291.1,83283.0,83283.1,83289.9,0.02475548,10
2025-04-12 05:53:00,1744437180,83277.1,83291.1,83277.1,83291.0,83290.8,0.1914805,9
2025-04-12 05:52:00,1744437120,83277.0,83277.0,83277.0,83277.0,83277.0,0.01381829,1
2025-04-12 05:51:00,1744437060,83277.1,83277.1,83263.4,83263.4,83265.4,0.01562382,10
2025-04-12 05:50:00,1744437000,83281.6,83281.6,83281.5,83281.5,83281.5,0.01818806,3
2025-04-12 05:49:00,1744436940,83281.6,83281.6,83281.6,83281.6,83281.6,0.00292541,2
2025-04-12 05:48:00,1744436880,83287.6,83287.6,83284.5,83284.5,83285.4,0.04695491,6
2025-04-12 05:47:00,1744436820,83298.9,83298.9,83278.6,83288.2,83288.4,0.12963762,22
2025-04-12 05:46:00,1744436760,83376.1,83376.1,83298.8,83298.9,83309.2,0.85184724,25
2025-04-12 05:45:00,1744436700,83385.1,83385.1,83382.2,83382.2,83385.0,0.67285758,20
2025-04-12 05:44:00,1744436640,83385.0,83385.1,83385.0,83385.1,83385.0,0.01637324,9
2025-04-12 05:43:00,1744436580,83385.1,83385.1,83385.1,83385.1,83385.1,0.00049945,2
2025-04-12 05:42:00,1744436520,83385.1,83385.1,83385.1,83385.1,83385.1,0.03254541,2
2025-04-12 05:41:00,1744436460,83385.1,83385.1,83385.1,83385.1,83385.1,0.00327949,3
2025-04-12 05:40:00,1744436400,83385.1,83385.1,83385.0,83385.0,83385.0,0.0184955,7
2025-04-12 05:39:00,1744436340,83413.5,83413.5,83388.0,83388.0,83392.4,0.27281959,15
2025-04-12 05:38:00,1744436280,83413.5,83413.5,83413.4,83413.5,83413.4,0.00075782,5
2025-04-12 05:37:00,1744436220,83413.4,83413.5,83413.4,83413.5,83413.4,0.00175142,5
2025-04-12 05:36:00,1744436160,83421.1,83421.8,83413.5,83413.5,83421.3,14.69951663,28
2025-04-12 05:35:00,1744436100,83430.1,83430.1,83430.0,83430.0,83430.0,0.00782254,6
2025-04-12 05:34:00,1744436040,83439.0,83439.0,83430.1,83430.1,83430.1,0.10711657,8
2025-04-12 05:33:00,1744435980,83399.1,83439.1,83399.1,83439.1,83432.4,0.32638691,29
2025-04-12 05:32:00,1744435920,83399.1,83399.1,83399.0,83399.1,83399.0,0.00534638,9
2025-04-12 05:31:00,1744435860,83382.3,83399.1,83382.3,83399.1,83384.9,0.27601941,7
2025-04-12 05:30:00,1744435800,83382.3,83382.3,83382.3,83382.3,83382.3,0.00024699,2
2025-04-12 05:29:00,1744435740,83382.2,83382.3,83382.2,83382.2,83382.2,0.00060142,4
2025-04-12 05:28:00,1744435680,83389.1,83389.1,83382.3,83382.3,83388.7,2.28768465,11
2025-04-12 05:27:00,1744435620,83389.0,83389.1,83389.0,83389.1,83389.0,0.00286368,3
2025-04-12 05:26:00,1744435560,83389.1,83399.1,83389.1,83399.1,83398.4,0.01452496,5
2025-04-12 05:25:00,1744435500,83398.9,83398.9,83389.0,83389.0,83396.5,0.04235903,12
2025-04-12 05:24:00,1744435440,83398.9,83398.9,83398.9,83398.9,83398.9,0.11698113,4
2025-04-12 05:23:00,1744435380,83398.9,83398.9,83398.8,83398.8,83398.8,0.00134736,3
2025-04-12 05:22:00,1744435320,83398.9,83398.9,83398.9,83398.9,83398.9,0.00017316,2
2025-04-12 05:21:00,1744435260,83398.9,83398.9,83398.9,83398.9,83398.9,0.00022445,1
2025-04-12 05:20:00,1744435200,83389.1,83398.9,83389.1,83398.8,83394.3,0.02549088,14
2025-04-12 05:19:00,1744435140,83385.5,83389.1,83385.5,83389.1,83388.6,0.02359635,9
2025-04-12 05:18:00,1744435080,83316.7,83385.0,83316.7,83385.0,83347.8,0.28817922,20
2025-04-12 05:17:00,1744435020,83316.6,83316.6,83316.6,83316.6,83316.6,0.00191477,2
2025-04-12 05:16:00,1744434960,83300.1,83316.7,83300.1,83316.7,83310.7,0.0083305,8
2025-04-12 05:15:00,1744434900,83299.0,83300.0,83299.0,83300.0,83299.3,0.00179452,2
2025-04-12 05:14:00,1744434840,83298.9,83299.0,83298.9,83299.0,83298.9,0.00308119,3
2025-04-12 05:13:00,1744434780,83300.1,83300.1,83298.9,83299.0,83299.3,0.00432784,10
2025-04-12 05:12:00,1744434720,83300.1,83300.1,83300.0,83300.0,83300.0,0.05688348,3
2025-04-12 05:11:00,1744434660,83300.1,83300.1,83300.1,83300.1,83300.1,0.01982109,11
2025-04-12 05:10:00,1744434600,83313.1,83313.1,83300.0,83300.0,83301.5,0.05838045,8
2025-04-12 05:09:00,1744434540,83333.3,83333.3,83313.1,83313.1,83333.1,0.24423907,7
2025-04-12 05:08:00,1744434480,83333.3,83333.3,83333.2,83333.2,83333.2,0.56089647,4
2025-04-12 05:07:00,1744434420,83333.3,83333.3,83333.3,83333.3,83333.3,0.05736783,4
2025-04-12 05:06:00,1744434360,83333.3,83333.3,83333.2,83333.2,83333.2,0.00080779,2
2025-04-12 05:05:00,1744434300,83298.8,83333.2,83298.8,83333.2,83305.6,0.13581157,25
2025-04-12 05:04:00,1744434240,83222.6,83271.7,83222.5,83271.7,83228.9,0.00512362,12
2025-04-12 05:03:00,1744434180,83238.6,83238.6,83222.5,83222.6,83237.8,0.50495072,9
2025-04-12 05:02:00,1744434120,83262.4,83262.4,83234.3,83234.3,83235.8,0.48985292,9
2025-04-12 05:01:00,1744434060,83239.2,83259.1,83239.2,83259.1,83253.3,0.00177785,6
2025-04-12 05:00:00,1744434000,83187.1,83239.2,83187.0,83239.2,83193.5,0.01352939,19
2025-04-12 04:59:00,1744433940,83187.0,83187.1,83187.0,83187.1,83187.0,0.01335476,3
2025-04-12 04:58:00,1744433880,83286.0,83286.0,83187.1,83187.1,83221.5,0.01098929,23
2025-04-12 04:57:00,1744433820,83298.9,83298.9,83286.1,83286.1,83297.2,0.00707692,4
2025-04-12 04:56:00,1744433760,83251.3,83296.5,83251.3,83296.5,83266.4,0.00179774,12
2025-04-12 04:55:00,1744433700,83247.1,83247.1,83247.1,83247.1,83247.1,0.00072773,2
2025-04-12 04:54:00,1744433640,83243.0,83250.9,83243.0,83247.1,83248.4,7.30519907,20
2025-04-12 04:53:00,1744433580,83248.9,83248.9,83234.1,83243.0,83241.5,0.02090985,12
2025-04-12 04:52:00,1744433520,83196.3,83248.9,83196.3,83248.8,83220.7,0.04229468,26
2025-04-12 04:51:00,1744433460,83115.1,83175.6,83115.1,83175.6,83141.2,0.03616529,10
2025-04-12 04:50:00,1744433400,83142.1,83153.6,83115.1,83115.1,83116.1,0.1243254,17
2025-04-12 04:49:00,1744433340,83115.0,83137.7,83115.0,83137.7,83132.7,0.12285567,11
2025-04-12 04:48:00,1744433280,83115.1,83115.1,83099.9,83114.9,83114.5,0.03886619,14
2025-04-12 04:47:00,1744433220,83124.1,83124.1,83118.2,83118.2,83124.0,0.03670788,11
2025-04-12 04:46:00,1744433160,83097.0,83137.4,83097.0,83137.3,83126.6,0.0153179,16
2025-04-12 04:45:00,1744433100,83087.3,83097.3,83082.2,83096.9,83092.2,0.00519941,11
2025-04-12 04:44:00,1744433040,83079.1,83079.1,83079.0,83079.1,83079.0,0.00302625,4
2025-04-12 04:43:00,1744432980,83079.1,83079.1,83079.0,83079.1,83079.0,0.00281906,9
2025-04-12 04:42:00,1744432920,83079.1,83079.1,83079.1,83079.1,83079.1,0.00855857,7
2025-04-12 04:41:00,1744432860,83088.2,83090.1,83079.1,83079.1,83088.5,0.00270513,9
2025-04-12 04:40:00,1744432800,83099.0,83099.0,83088.2,83088.2,83093.9,0.00296825,6
2025-04-12 04:39:00,1744432740,83078.9,83099.0,83078.9,83098.9,83087.7,0.00454963,14
2025-04-12 04:38:00,1744432680,83019.9,83078.9,83019.9,83078.9,83057.8,0.00127574,10
2025-04-12 04:37:00,1744432620,82977.4,83021.8,82977.4,83021.8,83002.3,0.03971742,13
2025-04-12 04:36:00,1744432560,82968.2,82980.0,82968.2,82977.3,82969.9,0.03317411,7
